우선순위,카테고리,브랜드,공식제품명,모델번호/SKU,한국_판매처_URL,일본_판매처_URL,직구_판매처_URL,동일상품_매칭_근거,자동화_후보_소스,PoC_적합성_코멘트
1,다이브컴퓨터,Suunto,Suunto D5 Dive Computer,조사시점 기준 색상옵션 세부확인 필요(공식 모델코드 미기재),https://elfdive.com/product/suunto-d5/225/,https://ec.mic21.com/shop/g/g1902803001-002/,https://www.tradeinn.com/diveinn/en/suunto-d5-dive-computer/137066427/p,"3국 모두 'Suunto D5' 단일모델명으로 명확히 일치, 기존 Phase0에서 3-way 실가격 확인 완료(KR 981,000/직구 481,375/JP 789,891원)","직구=TradeInn 상품피드(가정,실접근 미검증) / JP=mic21 자체사이트(API없음,수동) / KR=수동","Tier1(완전충족). 확신도 상, 3-way 완비, 가격차 51%로 가장 뚜렷. PoC 최우선 대상."
2,핀,Mares,Mares Avanti Quattro Power Diving Fins,"확인불가(색상별 SKU 상이, 조사 시 특정 안함)",https://scubajangbimall.com/goods/view?no=227,https://ec.mic21.com/shop/g/g1710002019-001/,https://www.tradeinn.com/diveinn/en/mares-avanti-quattro-power-diving-fins/5383/p,"3국 모두 'Avanti Quattro Power' 동일모델명 확인, TradeInn 상품ID(5383)로 특정, 3-way 실가격 확인 완료(KR 279,000/직구 174,127/JP 234,255원)","직구=TradeInn 상품피드(가정,실접근 미검증) / JP=mic21 자체사이트(수동) / KR=수동","Tier1(완전충족). 확신도 상, 3-way 완비, 가격차 37.6%. PoC 최우선 대상."
3,다이브컴퓨터,Shearwater Research,"Shearwater Peregrine (Original/Standard, Black)",16001 계열,https://hellodiving.co.kr/product/%EC%89%90%EC%96%B4%EC%9B%8C%ED%84%B0-%ED%8E%98%EB%A0%88%EA%B7%B8%EB%A6%B0%EC%8A%A4%EC%BF%A0%EB%B2%84-%EB%A0%88%ED%81%AC%EB%A0%88%EC%9D%B4%EC%85%98-%EC%A0%84%EC%9A%A9-%EC%BB%B4%ED%93%A8%ED%84%B0/13260/,https://ec.mic21.com/shop/g/g2103112001-001/,https://www.divegearexpress.com/shearwater-peregrine,"한국 3개몰, 일본 mic21, 미국 Dive Gear Express 모두 'Peregrine' 기본 블랙 모델로 명칭·구성 일치(확신도 상)","직구=Dive Gear Express 자체사이트(API/피드 확인 안됨, 사실상 수동) / JP=mic21(수동) / KR=수동. ⚠ TradeInn/Diveinn은 Peregrine 본체 미취급이라 자동화 후보 채널 자체가 약함",Tier1(데이터는 완비)이나 자동화 관점에서는 3legs 모두 수동에 가까움 — '가격비교는 되지만 자동화는 안 되는' 케이스 학습에 유용.
4,웨트슈트(카테고리 예외),Mares,Mares Reef 3mm Diving Wetsuit,"412382(공식 품번, 3국 공통 확인됨)",https://swimnara.com/product/%EB%A7%88%EB%A0%88%EC%8A%A4-%EB%A6%AC%ED%94%84-%EC%9B%90%ED%94%BC%EC%8A%A4-%EC%8A%88%ED%8A%B8reef%EB%82%A8%EC%84%B1%EC%9A%A9/9589/,해당없음(mic21에서 廃盤/단종 확인 — JP leg 자체가 존재하지 않음),https://www.tradeinn.com/diveinn/en/mares-reef-3-mm-diving-wetsuit/136794571/p,"Diveinn·한국(swimnara)·일본(mic21, 단종페이지) 모두 동일 공식품번 412382로 확인 — 30개 중 SKU매칭 신뢰도 최상급","직구=TradeInn 상품피드(가정,실접근 미검증) / KR=수동. JP leg 부재로 3-way 테스트는 불가, 2-way(KR/직구) 자동화 테스트용",카테고리는 다이브컴퓨터/마스크/핀 밖(웨트슈트)이지만 SKU 매칭 신뢰도가 전체 30개 중 최상급이라 예외적으로 포함 추천. JP 없음에 유의.
5,마스크,GULL,GULL MANTIS5 다이빙 마스크,확인불가,https://scubajangbimall.com/goods/view?no=1315,https://ec.mic21.com/shop/g/g2002011001-101/,해당없음(GULL은 TradeInn/Diveinn 등 해외직구몰 자체를 미취급 — 직구 leg가 시장에 존재하지 않음),"한국·일본 모두 'MANTIS5' 동일모델명, mic21 상품코드로 특정. 확신도 상, 단 직구 채널 부재","KR/JP 모두 수동(mic21 자체사이트, API없음). 자동화 후보 없음","3국 비교 조건은 충족 못함(직구 없음)이나, '해외가 항상 싸지 않다'는 반례이자 완전 수동관리 케이스의 대표 샘플로 포함 추천."
6,마스크,TUSA,TUSA Freedom HD Mask,M-1001,https://elfdive.com/product/tusa-m-1001-mask/328/,"확인불가(mic21 M-1001 미확인, 후속모델만 취급 추정 — JP leg 미확보)",https://www.scuba.com/p-tbtm1001/tusa-freedom-hd-mask (참고: TradeInn 페이지 https://www.tradeinn.com/diveinn/en/tusa-freedom-hd-diving-mask/596799/p 는 가격 자동추출 실패),한국(elfdive)·미국(Scuba.com) 모두 동일 SKU 'M-1001'로 명확 일치(확신도 상). 단 일본 leg 미확보,"직구=Scuba.com(API없음,수동) 또는 TradeInn(가격추출 실패 이력) / KR=수동",JP leg 재조사로 채워질 가능성 있어 2차 검증 후보로 포함. 현재는 2-way(KR/직구)만 자동화 테스트 가능.
7,액세서리(카테고리 예외),Scubapro,Mako Titanium Knife,32.022.000,https://www.scubajangbimall.com/goods/view?no=4573,"확인불가(mic21/Yahoo/라쿠텐 모두 404·품절 — 판매종료 추정, JP leg 없음)",https://www.tradeinn.com/diveinn/en/scubapro-mako-titanium-knife/136280350/p,한국·직구 모두 'Mako Titanium' 동일 SKU(32.022.000)로 명확 일치(확신도 상),"직구=TradeInn 상품피드(가정,실접근 미검증) / KR=수동",카테고리는 밖(나이프)이나 SKU 확신도가 높아 TradeInn 피드 자동화 테스트용 보조 샘플로 포함.
8,다이브컴퓨터,Garmin,"Garmin Descent Mk3s (Steel/Fog Gray, 43mm)",010-02857-02,https://prod.danawa.com/info/?pcode=33333881,https://www.yodobashi.com/product/100000001008761688/ (참고: 라쿠텐 가민공식스토어 동일상품 https://item.rakuten.co.jp/garmin/010-02857-02/ — Rakuten API 테스트 최적 후보),https://www.tradeinn.com/diveinn/en/garmin-ordenador-de-buceo-descent--mk3s/140546586/p,한국·일본 소스 모두 동일 SKU 010-02857-02로 확인. 단 Diveinn 상품명 색상표기('Mk3s Silver')가 달라 완전 동일색상 여부는 미세 불확실(확신도 중),"JP=라쿠텐 가민공식스토어(★API자동수집가능 — 라쿠텐 Item Search API의 shopCode 파라미터로 공식스토어 필터링 가능, 30개 중 가장 유력한 API 자동화 후보) / 직구=TradeInn 피드(가정) / KR=수동","확신도 중이라 우선순위는 낮지만, 라쿠텐 공식 API 실호출 테스트에는 가장 적합한 상품 — API PoC 1순위로 별도 추천."
9,마스크,Mares,Mares X-Vision Ultra Liquidskin Diving Mask,확인불가(제조사 공식 SKU 미확인),https://scubajangbimall.com/goods/view?no=3784 (⚠ 페이지 내 '해외구매대행 상품'으로 표기 — 정식 국내판매 아님),https://store.shopping.yahoo.co.jp/verygood/x-vision.html,확인불가(Diveinn 가격 JS렌더링으로 추출 실패),일본 kakaku.com/Yahoo쇼핑은 'X-VISION ULTRA Liquidskin'으로 명확하나 한국은 '뉴 X-비전 마스크'로만 표기되어 완전 일치 확신 어려움(확신도 중). 또한 한국 판매가 자체가 '해외구매대행'이라 이 서비스의 '한국 정식판매 vs 해외직구' 구도와 맞지 않을 수 있음,JP=Yahoo쇼핑/kakaku 경유(수동) / 직구=JS렌더링 이슈로 자동화 어려움 / KR=수동,보류형 참고 샘플. 한국측이 '구매대행'이라는 구조적 문제가 있어 우선순위 낮음.
10,핀,TUSA,TUSA Solla (Open Heel Diving Fins),"SF-22(한국) / SF0115 J-spec(일본, mic21 자체사양)",https://elfdive.com/product/tusa-sf-22-solla/253/,https://ec.mic21.com/shop/g/g2501010314/,"https://www.tradeinn.com/diveinn/en/tusa-solla-diving-fins/67440/p (품절 추정, 가격 미표시)","한국은 SF-22 표준모델로 확신도 상, 일본은 mic21 자체 J-spec 사양이라 표준형과 사양 차이 가능성 있음(종합 확신도 중)",직구=TradeInn(현재 품절로 가격 미확인) / JP=mic21(수동) / KR=수동,직구 leg가 현재 품절 상태라 실질적으로 2-way(KR/JP) 테스트만 가능. 우선순위 최하위.
